Currency,Date,Closing Price (USD),24h Open (USD),24h High (USD),24h Low (USD)
LTC,2018-05-31,117.4750533683,118.9746616935,119.6286275954,117.0067612109
LTC,2018-06-01,119.9346762689,118.3070523514,120.4526525082,117.3908156999
LTC,2018-06-02,123.2226935888,120.1718532804,124.2293944466,118.5423596081
LTC,2018-06-03,125.3654564673,123.5006740386,127.920241938,122.112908442
LTC,2018-06-04,119.5220032818,124.8695380451,126.8838124954,118.3036332519
LTC,2018-06-05,122.0786685984,119.5220068547,122.4325799152,115.9900317866
LTC,2018-06-06,121.48485,121.99,122.64,118.49
LTC,2018-06-07,121.49021883,121.48485,123.59416902,119.6461564
LTC,2018-06-08,120.06903171,121.4987433,121.991948,118.3351035429
LTC,2018-06-09,117.3717,120.06903171,120.9816051,117.0136415
LTC,2018-06-10,106.85,117.3717,117.4107415,103.37
LTC,2018-06-11,105.8583130036,103.5712455063,106.6005511571,103.4373988872
LTC,2018-06-12,99.5200175134,107.0654403285,107.8228765561,97.6106517104
LTC,2018-06-13,93.571583976,99.5200607967,100.2225223598,89.0116371899
LTC,2018-06-14,100.2611172109,93.5306561464,102.1735375603,92.6452840639
LTC,2018-06-15,95.2237245853,100.4538266833,100.860362288,95.2095057852
LTC,2018-06-16,97.3550946372,95.2237253734,97.4615920774,92.7910751482
LTC,2018-06-17,95.5891234757,96.6032526639,97.8484822037,94.8145510788
LTC,2018-06-18,98.6126901941,94.8344287866,99.6096157459,93.0310029443
LTC,2018-06-19,98.4331712488,98.4748260843,100.9094906635,96.9747204084
LTC,2018-06-20,97.8996789902,98.5898594622,98.9690264454,95.6073878826
LTC,2018-06-21,96.60616367,97.8461234556,98.9648540119,96.0250932506
LTC,2018-06-22,86.7283157477,96.6026347562,96.6879017073,83.0069811094
LTC,2018-06-23,84.7264973189,86.2737295781,87.9888794541,82.6878979329
LTC,2018-06-24,82.5895210202,84.6985938668,84.8869111395,76.3134687537
LTC,2018-06-25,81.7362534487,81.9420390471,83.0830856672,79.1713513961
LTC,2018-06-26,77.1033417842,81.7440222253,82.4167374573,76.7756524625
LTC,2018-06-27,80.8098335977,77.0997764816,80.985241536,74.9277745816
LTC,2018-06-28,76.6601962386,80.8549936623,81.7434012448,76.0748488192
LTC,2018-06-29,79.6854526454,76.7046462992,80.1256541367,72.6077694759
LTC,2018-06-30,79.8201678926,79.6269593005,83.6541534723,78.4143377093
LTC,2018-07-01,79.9724822897,81.3266073719,81.7067890428,77.8325373014
LTC,2018-07-02,85.7995992349,79.9969360702,86.7175170713,78.2215828082
LTC,2018-07-03,84.6470314891,85.7812419905,89.7744894328,84.3339820007
LTC,2018-07-04,86.240242068,84.9735118217,88.9881053845,83.4090313163
LTC,2018-07-05,83.1873212672,86.2020214987,86.9537284932,81.9306839389
LTC,2018-07-06,83.0503127,83.23908606,84.3760007668,80.67391389
LTC,2018-07-07,81.0246015483,83.0052236001,83.5731559783,79.5075398034
LTC,2018-07-08,84.3038980276,81.1288196125,85.6920871281,81.0889753985
LTC,2018-07-09,81.5520247268,84.3039129351,84.3042951865,80.7377307433
LTC,2018-07-10,76.4028220896,81.549843695,81.7585342631,74.3407371522
LTC,2018-07-11,77.4236386313,75.8595052003,81.0477507859,75.4072734516
LTC,2018-07-12,75.1707606547,78.233231425,78.233231425,74.2208092991
LTC,2018-07-13,76.5225299,76.9,78.5184380382,75.120410308
LTC,2018-07-14,76.2319194913,76.6847658685,77.5206284513,75.4517881144
LTC,2018-07-15,78.601003847,76.2320226905,79.4384384636,75.1735247891
LTC,2018-07-16,82.8654407806,78.5249350484,83.9471492297,77.6977652324
LTC,2018-07-17,89.0813193849,83.842103228,89.9835914559,81.5599339165
LTC,2018-07-18,86.5778827553,89.0731569134,94.3007338163,85.0263978386
LTC,2018-07-19,86.9004341935,86.5777384905,88.86400245,84.9272586252
LTC,2018-07-20,81.9482853112,86.9004820679,87.2200489352,80.9009721909
LTC,2018-07-21,84.0384465106,81.9479941839,84.8810309199,79.4608617843
LTC,2018-07-22,82.435947805,84.0144890224,84.101521175,81.7576394588
LTC,2018-07-23,81.8410920781,82.1647657723,85.8503640171,81.7342163856
LTC,2018-07-24,88.8961720587,81.8657106048,89.6923668412,80.9040356333
LTC,2018-07-25,87.167028159,88.8554530466,89.9094928755,84.8518484271
LTC,2018-07-26,83.3457515974,87.1911270205,87.9470781485,83.3017353313
LTC,2018-07-27,84.7264984152,83.4444274951,85.0937482091,81.4215552222
LTC,2018-07-28,83.8580941551,83.875228034,84.3169213635,82.393783099
LTC,2018-07-29,83.5776554452,83.8584433169,85.2944466023,83.0649240401
LTC,2018-07-30,82.2493011069,83.8993239182,84.5964831658,79.7632803278
LTC,2018-07-31,78.0743945439,82.2492997847,82.5751361942,76.0304687727
LTC,2018-08-01,77.5474530185,78.8498115713,79.0697642193,75.8716397829
LTC,2018-08-02,76.2957007233,77.5474564374,78.399438651,75.5228513434
LTC,2018-08-03,77.628264978,76.1608753878,77.7639454442,74.9254782112
LTC,2018-08-04,76.3603932284,77.6286756026,78.1724679913,76.1357875991
LTC,2018-08-05,76.7078818765,76.3485566319,76.738024885,76.1981830908
LTC,2018-08-06,76.3824201449,76.7072416938,77.1024268034,76.251601836
LTC,2018-08-07,68.122427824,76.3812348992,76.8346729314,66.7509007529
LTC,2018-08-08,64.8816375629,67.3891065595,67.556997208,64.6097709014
LTC,2018-08-09,65.5400800784,64.8971309301,65.5745503681,64.6207530763
LTC,2018-08-10,58.6394285688,65.5361222498,65.5414386447,58.4701830922
LTC,2018-08-11,59.7380941317,57.0832987897,59.9792825802,55.1279350647
LTC,2018-08-12,59.449640416,59.7388093678,61.566293134,57.1781058819
LTC,2018-08-13,56.7805896116,59.4496429662,60.6645712735,55.6664594343
LTC,2018-08-14,52.522938947,56.7738941574,56.997040262,49.3928025123
LTC,2018-08-15,55.2471861782,54.3909282965,59.2470198732,54.2278861881
LTC,2018-08-16,54.8655374494,55.2554269525,57.5578379299,53.9089756384
LTC,2018-08-17,61.4143446608,54.8849912377,61.7875384052,54.601341469
LTC,2018-08-18,56.6044180829,61.4008144695,62.322735733,55.1966082595
LTC,2018-08-19,58.1656266079,57.0763209308,59.1073843779,56.1006580528
LTC,2018-08-20,54.3984088346,58.1656930804,58.5663701874,53.5588754684
LTC,2018-08-21,56.5617496928,53.2598920682,56.7743961605,53.2598920682
LTC,2018-08-22,55.1438623292,56.5619088152,59.245803755,54.0150970186
LTC,2018-08-23,57.0577837096,55.1929823116,57.8973934824,54.8427983252
LTC,2018-08-24,57.7874139725,57.2806794265,58.2959298086,55.5426512064
LTC,2018-08-25,57.6788277775,57.8032162323,58.3601747283,56.9769227918
LTC,2018-08-26,56.8368520377,57.67914386,58.0418233786,55.8054188209
LTC,2018-08-27,58.5882832525,57.0711763283,58.6529473993,56.5439676974
LTC,2018-08-28,63.116851169,58.3790213496,63.9120697833,58.3767208163
LTC,2018-08-29,61.9322823399,63.1594108836,63.4748921231,60.2749359717
LTC,2018-08-30,59.9843075178,61.4743652843,61.6348344872,58.6036954339
LTC,2018-08-31,62.0772632027,59.9840007211,62.7442913788,59.5536082463
LTC,2018-09-01,66.6052173792,62.0775131637,67.8558925903,61.8818952089
LTC,2018-09-02,65.853701066,66.6049601345,67.1161523984,64.0722571833
LTC,2018-09-03,65.162091181,65.8300792398,66.4974214166,64.3441308842
LTC,2018-09-04,68.3886190048,65.4630732664,69.3789512775,65.3420704105
LTC,2018-09-05,60.2797298421,67.6475432089,68.3914055378,59.2196711496
LTC,2018-09-06,57.0347034784,60.2798157262,60.4837511821,53.919592056
LTC,2018-09-07,56.0593676635,57.6034998605,58.4833966947,55.0405410515
LTC,2018-09-08,52.7759514055,56.0593348935,57.1786005275,51.9476420025
LTC,2018-09-09,54.7754049087,53.0916354812,56.758384997,52.2362885419
LTC,2018-09-10,53.4724496266,54.7755459722,56.5893067403,53.0343903598
LTC,2018-09-11,53.0127716548,53.473255327,53.6627296512,52.7292154294
LTC,2018-09-12,53.0263441059,53.0105240406,53.1059401171,52.027778228
LTC,2018-09-13,53.508940055,52.9701417771,53.7850549654,52.9701417771
LTC,2018-09-14,54.3222431654,53.5078706758,54.5533074904,53.2975092423
LTC,2018-09-15,53.9458314236,54.0586387241,54.5351765146,53.8019145994
LTC,2018-09-16,54.0766957359,53.9052761179,54.1109981075,53.6001150718
LTC,2018-09-17,53.0352274532,54.0767001728,54.1648710977,52.9652509087
LTC,2018-09-18,53.5738431434,53.0350203552,53.8625567079,52.710188757
LTC,2018-09-19,53.5589200531,53.5269214561,53.7306607771,53.0657768526
LTC,2018-09-20,54.1505683458,54.205574,57.3987,53.390228005
LTC,2018-09-21,55.2518882603,54.1505683458,55.9144806199,54.0452822743
LTC,2018-09-22,54.8203909144,55.2514067306,55.3776285989,54.61789728
LTC,2018-09-23,54.8171506622,54.8248090471,55.3190229107,54.7156241808
LTC,2018-09-24,57.0823535477,54.8168150351,59.2640107601,54.143073267
LTC,2018-09-25,56.7961918257,57.0235560072,58.0774399839,54.3688101598
LTC,2018-09-26,58.4268433255,56.7961822659,59.9230554561,56.4947895305
LTC,2018-09-27,63.5530768633,58.4265867692,65.5625618478,56.576758843
LTC,2018-09-28,60.0554376182,63.5373049727,64.9643169604,59.294926895
LTC,2018-09-29,61.236615977,60.0553206811,62.3398577705,58.9196516289
LTC,2018-09-30,61.5531024226,61.2370916436,62.9795171032,59.9484189594
LTC,2018-10-01,61.135900558,61.5522093498,61.8931186775,59.3654675624
LTC,2018-10-02,60.0380184898,59.7265598501,60.089999369,59.3741621046
LTC,2018-10-03,57.2975320325,60.045053384,60.1376603347,56.6729302319
LTC,2018-10-04,58.476582922,57.2974204195,59.3948040124,57.1934730865
LTC,2018-10-05,59.0709550524,58.4764682738,59.7997465617,57.696788146
LTC,2018-10-06,57.944448367,58.9341578696,59.1172590755,57.0430212311
LTC,2018-10-07,57.9526431167,57.9196610925,58.6211996813,57.0370129784
LTC,2018-10-08,59.5780355926,58.3592195825,60.0848997877,57.6451344531
LTC,2018-10-09,59.0775396475,59.5797723714,59.7629455523,57.8942285086
LTC,2018-10-10,58.1239352073,59.077490043,59.1257376417,57.4623816588
LTC,2018-10-11,52.3591452695,58.366503887,58.416111216,51.3133231338
LTC,2018-10-12,53.8455051831,52.3589057728,54.3002713956,50.6130837546
LTC,2018-10-13,54.1007777167,53.8459445896,54.8439630191,53.2942125009
LTC,2018-10-14,53.0172726375,54.0243147633,54.4374736501,52.6923780114
LTC,2018-10-15,55.6946328224,52.550867497,61.0260241166,52.1580369444
LTC,2018-10-16,55.1181541656,55.6946566208,57.0866364984,54.6630863198
LTC,2018-10-17,52.8296678565,55.1178300267,55.7505560296,52.6184984048
LTC,2018-10-18,51.5669613154,52.9428798361,53.2994749491,51.2794717065
LTC,2018-10-19,52.4614680037,51.5669613882,53.1432345079,51.5211545136
LTC,2018-10-20,52.9364827254,52.4267094246,53.0972138464,52.1402843894
LTC,2018-10-21,52.3616304148,52.8846143205,53.248897134,52.3448283588
LTC,2018-10-22,51.7975148972,52.3615178096,52.6556963455,51.4954323797
LTC,2018-10-23,52.0787057899,51.7969985938,52.5515488294,51.3074883044
LTC,2018-10-24,51.7778852653,52.0860566325,52.5385699152,51.7422764249
LTC,2018-10-25,51.8998942559,51.785096065,51.9075278628,51.3905549523
LTC,2018-10-26,51.5142759112,51.8998941987,52.2070996823,51.1249732234
LTC,2018-10-27,51.4925503869,51.4512697798,51.7311306334,51.24534345
LTC,2018-10-28,51.4852770641,51.5938936655,51.7627155914,51.3284065323
LTC,2018-10-29,48.694003375,51.3511568648,51.5767819985,47.2934909105
LTC,2018-10-30,48.9089059425,48.6936291866,49.2091055311,48.3692960794
LTC,2018-10-31,49.4082564779,48.9413790577,50.1655153217,47.7637231352
LTC,2018-11-01,49.9414117526,49.4186433933,50.2416842502,49.2632270182
LTC,2018-11-02,50.758014318,49.9411457732,51.4825619689,49.7057745932
LTC,2018-11-03,50.5377276415,50.9654319454,51.0217356094,50.0702814217
LTC,2018-11-04,53.6602067661,50.5377271296,55.6592970843,50.1720648863
LTC,2018-11-05,52.4381741573,53.6602049668,54.5111565918,52.2781571317
LTC,2018-11-06,55.2318753647,52.5554267228,55.4888384988,52.5553747652
LTC,2018-11-07,53.9550852792,55.2245964624,56.3213511022,53.1751568525
LTC,2018-11-08,52.3851389654,53.9011962689,54.4324931367,52.2240891626
LTC,2018-11-09,52.2463439982,52.3848999573,53.0126454358,51.7998993051
LTC,2018-11-10,52.7342119372,52.4561079391,52.9250912881,52.1518847064
LTC,2018-11-11,50.7944238894,52.3826420989,52.7649044641,50.2284616577
LTC,2018-11-12,50.1329042319,50.7944312435,51.5934353948,49.9584852838
LTC,2018-11-13,48.813340078,50.1329114205,50.4709558976,48.1677207327
LTC,2018-11-14,42.0458302961,48.8132487503,49.9297494469,40.6764747389
LTC,2018-11-15,42.9296284928,42.0451318936,43.7907578935,39.8261934128
LTC,2018-11-16,41.6626675857,43.3363740962,43.515042774,41.5788177348
LTC,2018-11-17,41.4601963246,41.906890223,42.0133994353,41.2048257885
LTC,2018-11-18,41.7462212174,41.4561821758,42.9511771538,41.4227351239
LTC,2018-11-19,35.6763176927,41.7462136185,42.1281204197,34.9274239586
LTC,2018-11-20,31.7753608999,35.8004183376,37.6558827191,28.4096501168
LTC,2018-11-21,33.3278871158,32.3168137949,34.2247566543,30.9967055197
LTC,2018-11-22,32.956579569,33.3146331339,34.7066871575,32.5893562981
LTC,2018-11-23,32.1294667763,32.9888364853,33.0131778283,30.3213105795
LTC,2018-11-24,28.700455085,32.1302961209,32.9807829267,28.4960548471
LTC,2018-11-25,30.3341625378,28.8765412649,31.8453324345,26.4207063111
LTC,2018-11-26,28.6842938582,30.3398290956,31.7910471232,27.6353866956
LTC,2018-11-27,31.0069293665,28.6847371008,31.2346997187,28.3127123858
LTC,2018-11-28,33.9357769719,31.0068343475,35.9778612157,30.6924531697
LTC,2018-11-29,33.4037763688,33.919096152,35.4428294434,32.8758048205
LTC,2018-11-30,31.5164353016,33.5613466721,34.2176945322,30.8311997002
LTC,2018-12-01,34.2820598539,31.517439179,34.9031097967,31.08020849
LTC,2018-12-02,33.5688722509,34.2823964658,34.955054496,33.0307099819
LTC,2018-12-03,31.0917281883,33.5683087359,33.7132134547,29.9565038538
LTC,2018-12-04,31.0920641961,31.0917847265,32.1706758093,30.0065844193
LTC,2018-12-05,28.9631650214,31.0920918735,31.3963182341,28.8274871235
LTC,2018-12-06,26.9896211103,28.7398116913,30.0831458526,26.9896211103
LTC,2018-12-07,24.9656076616,26.9900669438,27.3270113895,22.2049085476
LTC,2018-12-08,24.5676472588,24.9819902369,26.4453721393,22.919713578
LTC,2018-12-09,25.2224490128,24.5655744035,26.7133050794,24.2103697706
LTC,2018-12-10,24.1388299221,25.3670361955,25.7363712423,23.699537897
LTC,2018-12-11,23.3280921819,23.9855837455,24.4523276531,22.7453155466
LTC,2018-12-12,24.0513754594,23.3280995009,24.9536905453,23.0474992183
LTC,2018-12-13,22.8642386099,24.0549130827,24.1945969813,22.723325137
LTC,2018-12-14,23.2576258607,22.863945082,23.4789504316,22.2818351062
LTC,2018-12-15,23.5768766609,23.2576535004,23.9212404286,22.8621542427
LTC,2018-12-16,25.2710674075,23.3606994126,26.6927216657,23.3512141234
LTC,2018-12-17,28.5600917969,25.2953789145,30.2229436868,25.2195126105
LTC,2018-12-18,29.0746128298,28.5601206724,29.6326110184,27.8677907073
LTC,2018-12-19,29.1909581699,30.2227820933,31.6947009925,28.8245967786
LTC,2018-12-20,32.2417725816,29.1913768291,33.2490261469,28.8903324813
LTC,2018-12-21,30.034498484,32.2401874606,33.3050453219,29.8181141513
LTC,2018-12-22,30.9667849097,30.4507670453,31.2887183072,29.9214715988
LTC,2018-12-23,33.4865068484,30.9667849078,34.0307960166,30.9452203249
LTC,2018-12-24,34.5474796209,33.280809959,36.5175745474,32.8392886029
LTC,2018-12-25,30.6799497678,32.9168474601,33.0839667671,29.8477137861
LTC,2018-12-26,30.3801760419,30.681166396,31.9766163345,29.196691551
LTC,2018-12-27,27.8140052285,30.7129012318,31.1539215767,27.63713099
LTC,2018-12-28,31.6174225813,27.8218469533,33.5117821918,27.6294621704
LTC,2018-12-29,30.5116812,32.22,33.1499558,30.36932973
LTC,2018-12-30,31.56,30.548936,31.95,30.0008205
LTC,2018-12-31,29.8275001863,29.7945015069,29.8299869051,29.7832978569
LTC,2019-01-01,31.2580107686,29.9274214707,31.6590587443,29.7357247273
LTC,2019-01-02,33.1762931869,31.2580017916,33.2471850844,31.2580017916
LTC,2019-01-03,31.7084155901,33.1762891685,33.5478157638,31.1840993634
LTC,2019-01-04,31.9429876126,31.6142980693,32.5981037519,31.0608767668
LTC,2019-01-05,34.8526911791,31.944400675,36.2733995527,31.9015616844
LTC,2019-01-06,38.7440878917,34.705777551,39.9942420556,34.3549305053
LTC,2019-01-07,37.3131372874,38.9281855813,39.4774820296,29.4147729716
LTC,2019-01-08,38.9096960818,37.3131138718,41.0213906147,37.1602948966
LTC,2019-01-09,38.7670640305,38.9997341369,39.9705008136,38.22862124
LTC,2019-01-10,33.2885604011,38.7670380266,39.1018453548,31.776693553
LTC,2019-01-11,31.4197527869,33.2288986503,33.4818286161,31.3612116248
LTC,2019-01-12,31.7394270363,31.7423021649,32.3554133139,31.0383472643
LTC,2019-01-13,29.7466748895,31.9369594609,32.8734789496,29.699233463
LTC,2019-01-14,31.9428486412,29.7467198263,32.7870751785,29.4583290639
LTC,2019-01-15,30.6869786159,31.9429143034,32.4308856817,30.2931382346
LTC,2019-01-16,31.2299248192,30.7124630699,32.0760225987,30.6828874706
LTC,2019-01-17,31.2570979296,31.3891467739,31.549342215,29.9453771093
LTC,2019-01-18,30.9779308703,31.2487649936,31.6931121534,30.4601877393
LTC,2019-01-19,32.3015512763,30.977897998,33.0928389577,30.7700481164
LTC,2019-01-20,30.7388741595,32.1198561803,33.1164554061,30.2445594218
LTC,2019-01-21,30.7487619766,30.7389000137,31.1792565374,30.3974296764
LTC,2019-01-22,31.5793756689,30.7488261682,32.0021122869,29.5922181027
LTC,2019-01-23,31.6574898028,31.4219160656,32.1872522379,31.2564354978
LTC,2019-01-24,32.5060567707,31.7191202162,33.070413458,31.0560435022
LTC,2019-01-25,32.5914194029,32.5203757169,32.9335324103,31.8541680213
LTC,2019-01-26,32.9627456546,32.5912907616,33.9533398712,32.4721365634
LTC,2019-01-27,32.3394404788,32.9627442368,33.038447418,31.2745543572
LTC,2019-01-28,30.576513458,32.0297654294,32.3660033576,29.9316721156
LTC,2019-01-29,30.5951395997,30.8882847425,31.1502020983,29.938897229
LTC,2019-01-30,31.5767441045,30.5950919073,31.7877465313,30.3505947193
LTC,2019-01-31,31.2558616334,31.4434416081,32.1433626362,30.8694872187
LTC,2019-02-01,32.6997390489,31.2282765874,33.3053879072,30.5739402071
LTC,2019-02-02,32.8215661562,32.7000405914,33.1501232861,32.2073187415
LTC,2019-02-03,33.0503477971,32.8214632248,34.6625668183,32.4669866572
LTC,2019-02-04,33.6178945099,33.0191470779,34.0349707964,32.8910307201
LTC,2019-02-05,33.8570213704,33.6269511825,34.0613500509,33.2583696433
LTC,2019-02-06,32.493386996,33.9172008958,34.0632111302,31.9084428019
LTC,2019-02-07,32.8095941751,32.3948025286,33.2186648382,32.3750154153
LTC,2019-02-08,41.1590899126,32.8098181892,47.1148328167,32.4785623832
LTC,2019-02-09,43.9289809726,42.5563276127,45.9592188829,41.724118011
LTC,2019-02-10,45.9797501031,43.919706877,47.0044731507,41.7709573086
LTC,2019-02-11,42.6520586497,45.9891997974,46.6375202811,41.4275381111
LTC,2019-02-12,42.8261610525,42.6520595771,43.9668624937,41.4337647081
LTC,2019-02-13,41.3320858447,43.3566303084,44.1310877617,40.2557946326
LTC,2019-02-14,41.1909605234,41.3320860148,41.9386642593,39.9754219294
LTC,2019-02-15,41.8198300826,40.879153627,44.1102479434,40.7549498393
LTC,2019-02-16,43.4139403764,41.8183096756,43.8460963154,41.8183096756
LTC,2019-02-17,43.2123326998,43.4117371328,44.5746171396,42.2020190192
LTC,2019-02-18,46.9090961305,43.2106899987,48.6603908087,43.1910639344
LTC,2019-02-19,47.5629072293,47.4290392562,48.6974749551,46.4650628063
LTC,2019-02-20,50.5955628308,47.5608834158,51.7275703325,46.1013095653
LTC,2019-02-21,47.9575045159,50.5958874058,51.1536568305,47.4754869619
LTC,2019-02-22,49.1089447715,48.3989522158,49.3744771802,47.6676384835
LTC,2019-02-23,51.2088070766,49.1019462394,51.6632978244,47.8152669723
LTC,2019-02-24,44.4315150871,51.2061449414,53.3046393836,42.5245670456
LTC,2019-02-25,45.4961615685,44.431284357,46.6123303839,43.4293176106
LTC,2019-02-26,44.5507180169,45.5002747465,45.6674851238,44.0496717862
LTC,2019-02-27,44.333787204,44.6225566051,45.3245610973,42.3690252866
LTC,2019-02-28,45.8539407521,44.3254061912,46.533181654,44.2132494319
LTC,2019-03-01,47.5471046762,45.8535834036,48.7379431848,45.31034866
LTC,2019-03-02,48.1892637122,47.5470471317,49.1944839968,46.4170786389
LTC,2019-03-03,47.4309387861,48.3808083856,48.8818758951,47.067378087
LTC,2019-03-04,45.3057056015,47.4403912923,47.9059680685,44.6190578035
LTC,2019-03-05,52.3510907149,45.6124593259,54.3703501311,45.1623266615
LTC,2019-03-06,55.5537357439,52.3415913234,56.4952708708,51.1124986357
LTC,2019-03-07,56.6501684064,55.5537621568,58.7862005399,53.7630497249
LTC,2019-03-08,55.2013220778,56.6506372295,57.3096040775,53.9553078493
LTC,2019-03-09,56.6761134058,55.258279945,59.2342913643,55.0886687603
LTC,2019-03-10,56.7265939368,57.4417189826,57.7463873059,55.6358284346
LTC,2019-03-11,54.6879535498,56.3590417437,57.046258197,53.8079270608
LTC,2019-03-12,56.5975943874,54.6879539118,56.6847009947,52.0418198312
LTC,2019-03-13,54.9073558611,56.6348684808,56.6354259924,54.0396815842
LTC,2019-03-14,55.4723473917,54.9073558571,57.964607312,52.9192559424
LTC,2019-03-15,57.8347568677,55.4630252376,58.6009682732,55.4266342108
LTC,2019-03-16,60.9069426743,57.8347919633,61.6579574972,57.7402092301
LTC,2019-03-17,60.3880072549,60.9211011367,61.0001195037,59.3898141684
LTC,2019-03-18,59.0485740787,60.3877927154,62.2623822991,57.919667677
LTC,2019-03-19,59.0031882018,58.9108743884,59.634759839,58.0575042896
LTC,2019-03-20,60.200995439,59.0030265484,60.5814393406,56.8904597751
LTC,2019-03-21,58.379421072,60.088746884,60.4435578883,57.2315914294
LTC,2019-03-22,59.1813037143,58.38027087,59.4417194591,57.8890553281
LTC,2019-03-23,60.4013424432,59.0733625125,61.4580928283,58.8437704931
LTC,2019-03-24,59.3890128427,60.4013424432,60.7377290268,58.6343745485
LTC,2019-03-25,58.6422340995,59.3888540847,60.3277128735,57.9044115147
LTC,2019-03-26,58.0120235771,58.6412035338,58.9797534778,57.149644493
LTC,2019-03-27,60.9955401836,58.434021405,61.1840325782,58.2840290194
LTC,2019-03-28,60.2739283089,60.9955401979,61.5639746491,60.0010590879
LTC,2019-03-29,61.1261941212,60.2739288848,61.4937703272,59.8263560623
LTC,2019-03-30,60.2240828597,61.1983838441,61.4226394238,59.762767442
LTC,2019-03-31,60.3701799073,60.2240828597,60.5687660173,59.7389307414
LTC,2019-04-01,60.3077261323,60.3701799073,60.7580318772,59.8744355133
LTC,2019-04-02,73.9359909366,60.307716817,73.9359909366,60.0746159726
LTC,2019-04-03,84.7936486728,73.9360741953,98.8893527858,73.934235291
LTC,2019-04-04,83.7303370062,85.6401567511,90.2062108318,80.6832964291
LTC,2019-04-05,88.8353127693,83.7303252435,90.2066990236,83.730325243
LTC,2019-04-06,91.7131722543,88.6576467055,97.9071152702,85.4446989716
LTC,2019-04-07,92.3244028143,91.713172248,95.6660058608,89.0842370476
LTC,2019-04-08,88.8768987863,92.3244028143,94.0185434836,86.1867253688
LTC,2019-04-09,86.7128551275,88.876542024,89.3211545634,83.612673117
LTC,2019-04-10,88.1315429036,86.7128432498,91.3962359039,86.2612970645
LTC,2019-04-11,78.743170577,88.4035676046,88.5876608141,75.1388182098
LTC,2019-04-12,79.0632720924,79.3490694178,80.8205749571,75.346847837
LTC,2019-04-13,77.7836734004,79.0632720924,81.2237444906,75.8820975892
LTC,2019-04-14,82.6231125701,77.9639875365,83.1539145574,76.4258724048
LTC,2019-04-15,78.7770718413,83.6001041299,84.6234886058,75.1403112324
LTC,2019-04-16,80.6235546141,78.777071842,81.7403886554,77.2897065266
LTC,2019-04-17,78.9883921003,80.6235546141,81.8015447515,78.4660144533
LTC,2019-04-18,82.2985326582,78.9979498803,83.8058964138,78.947782772
LTC,2019-04-19,82.1263124572,82.0122501743,83.5698213857,80.0075045581
LTC,2019-04-20,81.4224415068,82.1263124572,83.1468277651,80.054699863
LTC,2019-04-21,77.0778676467,81.4224413896,82.1626807852,73.7338471666
LTC,2019-04-22,77.8202458248,77.2242578057,78.1851345024,75.7870908586
LTC,2019-04-23,76.5563499212,77.8202458248,79.9012401782,74.7349328001
LTC,2019-04-24,73.3746065759,76.5560335424,76.5766061535,70.7299064193
LTC,2019-04-25,71.9995112573,73.3746065759,75.1948490562,70.4262055266
LTC,2019-04-26,71.9430151012,71.2326806018,73.6769840054,69.4863605913
LTC,2019-04-27,71.6838805728,71.9430113236,72.1691001883,71.1041996595
LTC,2019-04-28,68.1485735512,71.6838805728,71.7216328347,67.5096344033
LTC,2019-04-29,66.4388178617,68.332901027,68.6281629639,65.5882784356
LTC,2019-04-30,74.0846165335,67.1454481914,74.1616992645,67.13327443
LTC,2019-05-01,71.8777507607,74.0846205641,74.9133901086,71.3895906435
LTC,2019-05-02,72.5337577851,72.5029517401,73.7749367126,72.142303011
LTC,2019-05-03,78.3015604026,72.5337577851,79.7761556056,72.4327180361
LTC,2019-05-04,77.659083042,77.8973893993,81.3778335889,74.2203410381
LTC,2019-05-05,75.4800272422,77.4977885926,77.5358548842,75.0052917094
LTC,2019-05-06,75.2314608501,75.4781597135,76.2374507102,71.4354639335
LTC,2019-05-07,75.3147663417,74.5928835709,78.0275038569,73.1974639253
LTC,2019-05-08,74.8257487058,73.7769229924,74.9973995984,72.0853563103
LTC,2019-05-09,73.7634496514,74.8262000484,75.7256227505,72.7177293173
LTC,2019-05-10,77.8920349367,73.7654800454,79.4148191333,72.9817270869
LTC,2019-05-11,91.9678141235,77.1158004021,93.1941653699,77.1157986273
LTC,2019-05-12,85.2411693793,88.1603717994,94.3138246547,83.7282618054
LTC,2019-05-13,88.7189778718,85.2409234068,93.0025122391,84.3565880325
LTC,2019-05-14,90.1706273923,88.7189778699,94.3880035468,86.8519025707
LTC,2019-05-15,102.921952401,91.5795297358,104.4982931465,90.9227936288
LTC,2019-05-16,95.2248783354,102.9219539215,107.708619836,91.1742969497
LTC,2019-05-17,88.0546687707,95.2247045275,97.7583285923,84.8862817635
LTC,2019-05-18,87.9909264436,88.0546577953,90.9285845372,86.1655746871
LTC,2019-05-19,96.303929319,87.6875720387,96.5244634373,86.8247792647
LTC,2019-05-20,90.9132575297,96.303929319,97.3021989754,87.358940702
LTC,2019-05-21,91.5480584867,91.6130123501,93.4082016142,89.1900954966
LTC,2019-05-22,88.7879248108,91.5478754647,92.3317296293,85.9097862511
LTC,2019-05-23,89.1818703523,88.7879910266,89.8897748098,84.7819721832
LTC,2019-05-24,100.8199068482,88.9300577411,104.4028724538,88.311087157
LTC,2019-05-25,103.339698173,100.8097600453,105.3539131925,99.1492686791
LTC,2019-05-26,110.9100192552,103.3395646543,114.7754544023,99.1150200644
LTC,2019-05-27,116.5700006027,110.9390863311,122.2180707652,110.78985548
LTC,2019-05-28,114.8565767635,116.6865039996,118.5477647009,111.4521556188
LTC,2019-05-29,115.9929681448,114.8562467059,118.3310829164,108.8181683746
LTC,2019-05-30,107.4965160094,115.3199252842,120.8035422595,89.2446894675
LTC,2019-05-31,112.7738691112,107.4414933386,113.4747709493,85.597220556
LTC,2019-06-01,114.3981444204,112.7889090516,116.1820337695,110.4072843082
LTC,2019-06-02,114.6503582272,114.4015286767,116.6896586116,87.6996528238
LTC,2019-06-03,110.1253459137,114.6363710027,116.1957611608,91.266851801
LTC,2019-06-04,100.6570774868,105.8385387013,106.2672064837,81.6853970783
LTC,2019-06-05,103.9007402277,100.6568711633,105.2430866716,88.9726137557
LTC,2019-06-06,110.3805653725,103.869359415,110.9077367723,87.541499568
LTC,2019-06-07,118.4359202368,110.3759081143,121.2287392405,82.0161615526
LTC,2019-06-08,118.6509730719,118.4295134189,120.0097662617,93.3630305954
LTC,2019-06-09,113.7899602013,118.4767045829,119.326677832,88.8840291202
LTC,2019-06-10,126.3357887124,113.7924529041,129.3766236014,112.7543011429
LTC,2019-06-11,135.956821688,129.7136162336,138.954941916,92.1678926048
LTC,2019-06-12,133.9100567729,135.9634861469,143.7658734715,92.6963860506
LTC,2019-06-13,131.1253861283,135.8747897531,136.8018726922,90.7721067623
LTC,2019-06-14,131.9205253214,131.142957695,133.1321276278,84.8550910681
LTC,2019-06-15,137.6618562469,132.729881372,139.9138660958,82.8290570521
LTC,2019-06-16,136.5360570234,137.6614902033,139.0390783825,89.0426169029
LTC,2019-06-17,134.9477225683,136.5320779905,137.5828731713,130.6448059904
LTC,2019-06-18,135.1103461094,134.145846772,136.7876219458,128.5468050321
LTC,2019-06-19,136.7520829766,135.1010147997,139.6092568877,79.8435968127
LTC,2019-06-20,135.545244276,136.7640952749,137.4941623347,79.7648644418
LTC,2019-06-21,136.9882659443,135.5468729995,141.3601382254,115.4320891886
LTC,2019-06-22,139.3831894153,139.0014325874,145.932575891,137.6155082142
LTC,2019-06-23,136.9910657368,139.3792666252,142.1482227869,136.3482076595
LTC,2019-06-24,135.0023954706,137.0170120227,137.0549909928,109.5291887225
LTC,2019-06-25,137.7811680471,135.005270883,138.0628237941,129.1077085348
LTC,2019-06-26,129.8003998404,137.7907092051,137.9136749605,125.6737332004
LTC,2019-06-27,115.9063128687,129.7963206819,131.9863416588,109.8367744987
LTC,2019-06-28,119.094181506,115.8940532544,121.6808717691,112.596881334
LTC,2019-06-29,133.5384364208,119.5800633812,136.134043098,115.2177517134
LTC,2019-06-30,121.5925173832,133.5355808649,136.8516060346,119.6665852714
LTC,2019-07-01,120.5050796557,121.5873332977,126.3626157122,113.4290257938
LTC,2019-07-02,118.5845900615,120.4863232708,124.0322202785,112.2141683451
LTC,2019-07-03,120.6682691405,118.3973711651,123.0602268571,117.2348867954
LTC,2019-07-04,123.4360685823,120.6684186027,127.1962731028,118.9697704071
LTC,2019-07-05,118.5413559762,119.5524704367,120.6761772188,116.5655505109
LTC,2019-07-06,117.9839200914,118.5416351036,122.2278279829,117.1641736126
LTC,2019-07-07,119.2162729943,117.9801037196,120.9547708582,117.2390742965
LTC,2019-07-08,121.8313951385,119.2241342524,121.8331506751,118.3174395204
LTC,2019-07-09,118.8438072536,121.8270570039,125.4718913368,117.9332153143
LTC,2019-07-10,107.5637540795,119.4031808296,120.320232649,102.4869997193
LTC,2019-07-11,102.9121572732,107.5644709567,108.3156292617,95.3602765995
LTC,2019-07-12,104.5181461022,102.9156905356,106.9998016999,100.7869313483
LTC,2019-07-13,100.8077179125,104.5185042163,105.3612584403,97.7220126759
LTC,2019-07-14,91.2905181334,101.1915912489,101.8954519588,88.0346788713
LTC,2019-07-15,91.7488901751,91.2658536309,92.9527084744,84.8804741885
LTC,2019-07-16,79.4779541212,91.7470964352,92.0731933758,76.7196616279
LTC,2019-07-17,91.3003273793,79.5171687534,94.8431230911,76.8219975462
LTC,2019-07-18,101.2829302154,90.2536354675,104.6571669568,87.2485306686
LTC,2019-07-19,97.8125556048,101.3016475006,103.2327190504,95.0424417467
LTC,2019-07-20,103.0654868343,98.4729269372,105.9022709933,97.6610454933
LTC,2019-07-21,99.4155152107,103.0600233609,103.5163185052,96.6154620362
LTC,2019-07-22,94.4951983963,99.4149123309,100.8637779109,91.1410970936
LTC,2019-07-23,92.3011527513,94.4946009496,95.1546899768,88.6029630546
LTC,2019-07-24,93.9514267587,90.2203720212,97.2724918181,87.0436971482
LTC,2019-07-25,93.3866735396,93.948295285,96.7839396625,91.6163359099
LTC,2019-07-26,94.1940594314,93.3837289994,94.6558345658,90.3038109475
LTC,2019-07-27,88.5042935126,94.1911539527,96.3764693465,86.8107127171
LTC,2019-07-28,88.0177331226,88.7562581759,90.1382367767,83.5755557417
LTC,2019-07-29,91.0471590164,90.085914064,92.1550754085,87.5117961964
LTC,2019-07-30,90.5031855048,91.0461141991,92.7492627938,88.5512495392
LTC,2019-07-31,98.9520816989,90.5037863816,100.0627454962,89.98584586
LTC,2019-08-01,99.1912872798,98.9471214914,100.545178824,95.9204910701
LTC,2019-08-02,94.9701851036,99.1911689374,99.2947153053,92.8076093761
LTC,2019-08-03,94.3298262346,94.972543884,96.6765289797,93.7476147536
LTC,2019-08-04,93.0712232975,94.3284581475,94.8031016631,90.5508400741
LTC,2019-08-05,97.6195267816,93.0772360113,106.8476611203,92.8528397207
LTC,2019-08-06,91.8386742749,97.6158204504,99.2001172283,90.9053086674
LTC,2019-08-07,91.4332539441,91.843095099,94.2792362782,87.3132740993
LTC,2019-08-08,90.0012436341,91.4326110899,92.5368417924,87.8605164161
LTC,2019-08-09,83.8512383067,90.0032820692,90.3357263394,82.5448162321
LTC,2019-08-10,85.5569857783,83.8512024906,87.2125826434,82.062663889
LTC,2019-08-11,90.0296714816,85.2360448077,91.365142757,85.1495890075
LTC,2019-08-12,85.9362087383,90.0291369479,90.1644213927,85.3914070144
LTC,2019-08-13,84.0213339638,85.9325463874,86.5559406003,83.0595788199
LTC,2019-08-14,77.8085640065,84.4876180019,85.9245101801,75.1609448064
LTC,2019-08-15,76.942374433,77.81020139,77.8260391415,73.6931351281
LTC,2019-08-16,75.0414028932,76.2834633862,76.3817302164,72.4014749402
LTC,2019-08-17,72.9420138153,75.0472305217,75.4412711424,71.740149033
LTC,2019-08-18,76.8909327639,72.7408305001,78.037641627,71.5651873372
LTC,2019-08-19,76.8401133857,76.8912740119,78.9352413094,75.6469740378
LTC,2019-08-20,75.6744204259,76.8432610288,77.3810580244,73.4856093359
LTC,2019-08-21,72.921971495,75.6778485248,75.7124311932,70.0750419439
LTC,2019-08-22,74.0451319879,72.9292572277,74.6549066571,71.0404185243
LTC,2019-08-23,75.2255972866,73.4288517103,76.0269946456,72.5704241218
LTC,2019-08-24,73.673530131,75.4701817594,75.6416504676,71.655399279
LTC,2019-08-25,72.120248293,73.6716774031,74.9326920374,70.7038734662
LTC,2019-08-26,73.7465829736,72.224403434,75.4758824867,72.2060861668
LTC,2019-08-27,72.2203809755,73.7257704643,73.9018344064,72.1376481646
LTC,2019-08-28,67.1631645442,72.8045589981,73.0025559694,64.8865412134
LTC,2019-08-29,63.7748772108,67.1627816612,67.1703643164,62.2771517402
LTC,2019-08-30,64.8417280891,63.7716380289,65.6350602934,62.296738653
LTC,2019-08-31,64.8156311237,64.3395209077,65.3967846442,62.5300190414
LTC,2019-09-01,66.721830231,64.8152433842,67.3697104918,64.072607573
LTC,2019-09-02,67.0177613935,66.7246623423,68.0913748486,65.1990658714
LTC,2019-09-03,70.8088756806,67.1701164793,71.0751285992,66.7618543222
LTC,2019-09-04,67.0030854054,70.8094794723,70.8191407965,66.6175669313
LTC,2019-09-05,65.6110949338,67.0054589507,67.4631573565,64.3626680059
LTC,2019-09-06,65.2465222788,65.611868187,68.1088702232,64.0844671989
LTC,2019-09-07,68.9171635582,65.2343396124,70.681173967,64.6896192527
LTC,2019-09-08,70.6329860704,68.8830424826,71.5826400959,68.2864361453
LTC,2019-09-09,70.2649242217,70.6205935562,71.3980536205,68.0017547899
LTC,2019-09-10,70.4291810054,70.2649664013,73.1786290113,69.9042852798
LTC,2019-09-11,69.7479950882,70.8109219554,71.6830864636,68.3765562193
LTC,2019-09-12,69.090204485,69.7489877063,70.0923597299,68.4725032581
LTC,2019-09-13,68.1338780251,69.0897459916,69.6566784739,67.59809806
LTC,2019-09-14,70.7079647554,68.1329806318,71.453357761,68.0432306694
LTC,2019-09-15,70.3403629576,70.6949139345,71.4742135223,69.7862969189
LTC,2019-09-16,72.86998651,70.3403411671,73.8056130213,69.5857486863
LTC,2019-09-17,75.4453176629,72.8699507217,77.5504119756,72.3193755449
LTC,2019-09-18,78.8023120187,75.4441212448,80.2867360756,73.7852298225
LTC,2019-09-19,76.6157067815,77.8547104409,77.8547104409,72.693530091
LTC,2019-09-20,74.2929679621,76.6163020142,77.3470571702,72.9155820222
LTC,2019-09-21,73.1879988548,74.293402949,75.6076302866,72.241218381
LTC,2019-09-22,72.4435172024,73.1876608114,73.3499756907,71.1901349649
LTC,2019-09-23,66.9376810555,72.4435341805,74.1746422048,62.0535289357
LTC,2019-09-24,57.4111878393,66.9119188834,67.3855100903,55.636470775
LTC,2019-09-25,57.5100460018,55.003663448,58.497334544,53.1874623542
LTC,2019-09-26,55.6738911398,57.5118776051,57.6648720387,50.4669862034
LTC,2019-09-27,55.8496933857,55.674249662,56.8126597542,52.8042626642
LTC,2019-09-28,55.2479828374,55.9796919809,56.2702565472,53.902445705
LTC,2019-09-29,54.4577797302,55.249662193,55.6222704799,52.2821103696
LTC,2019-09-30,55.7137076839,53.9259788312,56.3514888789,52.6141814799
LTC,2019-10-01,56.0957102188,56.1810522277,57.6720352906,55.0123162487
LTC,2019-10-02,56.0169951442,56.0940669907,56.747218512,55.3126813932
LTC,2019-10-03,56.6337429274,56.0169764856,56.7850618237,53.8765441624
LTC,2019-10-04,56.9569451674,56.4944122214,57.4852257703,55.3813440815
LTC,2019-10-05,56.7817514059,56.9568446444,57.4448173798,55.7105735429
LTC,2019-10-06,54.4957642516,56.8303828563,56.9171889768,53.2078862044
LTC,2019-10-07,57.6670030824,54.5032103784,58.7330999832,53.3319830546
LTC,2019-10-08,57.0311042994,57.6672867049,58.4999310369,56.5613689692
LTC,2019-10-09,59.2207567658,57.0134141269,60.0599526288,56.6537514121
LTC,2019-10-10,57.6377272646,59.2220423458,59.5629210208,57.393508361
LTC,2019-10-11,55.6629492512,57.6376435879,58.5724148516,55.4820393853
LTC,2019-10-12,55.8696036978,55.6627593336,56.4908301087,55.4362160119
LTC,2019-10-13,56.6263902395,55.7692778974,57.6680693111,55.54314519
LTC,2019-10-14,56.6617111533,56.6251396604,57.0827686568,56.0361408615
LTC,2019-10-15,54.58430925,56.855775,57.42,53.56824242
LTC,2019-10-16,52.5520049204,54.5618466098,55.294093041,51.1207847176
LTC,2019-10-17,54.720299346,52.5461363966,55.1132861675,51.5829241723
LTC,2019-10-18,53.2121641456,54.717212865,54.9253249871,52.1944113676
LTC,2019-10-19,53.6734744334,53.2293135228,54.1055367198,52.5905249173
LTC,2019-10-20,54.7063761669,53.6741949863,55.4761416737,52.5843211804
LTC,2019-10-21,54.7247562083,54.8666038781,55.6743913204,53.7148243758
LTC,2019-10-22,53.4029903699,54.7246591256,55.0895704362,53.321421227
LTC,2019-10-23,49.0782212704,53.3474656788,53.4398998455,47.2667640193
LTC,2019-10-24,49.7677073813,49.0779706709,50.2876219463,48.3344531077
LTC,2019-10-25,56.593657245,49.5913049693,58.6702299953,49.0874600814
LTC,2019-10-26,56.363115356,56.5949880226,63.5153498027,54.2639423555
LTC,2019-10-27,60.0366794831,56.9059548284,62.8669692272,55.7980286416
LTC,2019-10-28,58.8723634039,60.0396540973,62.471700683,57.6169637901
LTC,2019-10-29,60.2064386316,57.8665114931,60.7755720663,57.8256078011
LTC,2019-10-30,58.1042560558,60.2106891462,61.1115711457,56.9689549997
LTC,2019-10-31,58.1163980529,58.104166545,59.5409640693,57.0987106099
LTC,2019-11-01,58.1667441199,58.1175663094,58.8203826484,56.7429365997
LTC,2019-11-02,58.2279375386,58.2401823245,59.1757605448,57.8101425652
LTC,2019-11-03,58.6036682646,58.2482064358,58.6902514135,57.2514069611
LTC,2019-11-04,61.2903852903,58.6022158236,62.4984337171,57.9237777125
LTC,2019-11-05,63.0839795534,61.3447674209,64.1298658096,60.9884833553
LTC,2019-11-06,63.5045729339,63.0829331902,63.8766052198,62.6092227288
LTC,2019-11-07,61.8368951648,63.5042348564,64.244567287,60.2228645451
LTC,2019-11-08,60.4531965887,61.3527299895,62.3867487627,58.7851169814
LTC,2019-11-09,62.1226531356,60.4540670809,62.2965496492,60.1420625743
LTC,2019-11-10,64.0601921722,62.1177335449,66.0373843263,60.9885756522
LTC,2019-11-11,61.8730977322,64.0507231152,64.306474299,60.5080088384
LTC,2019-11-12,61.0825720028,61.8766533017,62.1302037397,59.6380800536
LTC,2019-11-13,60.702390006,61.0815939369,61.8495339456,60.1747525806
LTC,2019-11-14,59.074214443,60.8073285024,60.8599998326,58.2940979843
LTC,2019-11-15,57.687641161,59.0855199263,60.6532975433,56.2444139723
LTC,2019-11-16,58.0924250468,57.6878502722,58.8407870285,57.1656820125
LTC,2019-11-17,59.4409150517,58.0872378754,59.9767634728,57.659921933
LTC,2019-11-18,56.1126431235,59.1996951546,59.269145586,53.905597301
LTC,2019-11-19,55.0245149269,56.1164789511,56.1242506979,54.1985255862
LTC,2019-11-20,54.918446204,55.0751756814,56.0567513427,54.5841831636
LTC,2019-11-21,50.5926289224,54.9178467509,55.1956996504,48.3130868388
LTC,2019-11-22,47.3796348646,50.605662831,51.5068544918,43.7462288038
LTC,2019-11-23,47.9684458359,47.382798635,48.5747721085,46.3120115271
LTC,2019-11-24,45.2306260473,47.9710319317,48.3094208429,43.6178789883
LTC,2019-11-25,46.1879881059,43.9554157542,47.4447254289,42.2855752273
LTC,2019-11-26,47.1344539322,46.1889671844,47.5702571197,45.3484333545
LTC,2019-11-27,47.6807703964,47.1404935443,48.7452091531,44.6392070556
LTC,2019-11-28,46.8070528262,47.6801756279,48.0173289596,46.751165101
LTC,2019-11-29,48.6718643584,46.8076488591,49.3214644672,46.3037817332
LTC,2019-11-30,47.3182611547,48.6018680155,48.7977959059,46.7703966802
LTC,2019-12-01,47.829205693,47.3185715753,48.4234357512,45.579394245
LTC,2019-12-02,45.8123975614,47.8289848213,48.004345179,44.7658694343
LTC,2019-12-03,45.0363058605,45.5697933124,46.2464307495,44.4208194048
LTC,2019-12-04,44.7508490862,45.0366305463,47.038895748,43.7842655277
LTC,2019-12-05,44.8099228942,44.7563428762,45.2432908738,43.7551550061
LTC,2019-12-06,45.3397523612,44.8030369195,45.5469837769,44.1035312788
LTC,2019-12-07,45.2470273384,45.3564039431,46.5488578087,45.0404443993
LTC,2019-12-08,45.6896536729,45.2469887901,46.2643455634,44.9018733659
LTC,2019-12-09,44.4232462104,45.6894905899,45.9047663352,44.102794128
LTC,2019-12-10,44.0064983886,44.4233003248,44.6045024126,43.5972254506
LTC,2019-12-11,43.5407179501,44.0071767521,44.3905635502,43.2840300107
LTC,2019-12-12,43.6240485292,43.6569747881,44.0716325264,42.869949851
LTC,2019-12-13,44.2413710531,43.6201780266,44.5127412695,43.4249379533
LTC,2019-12-14,43.4377918709,44.2420000618,44.6344852699,43.2154586821
LTC,2019-12-15,43.5438795419,43.437783548,43.9778425905,42.9364581594
LTC,2019-12-16,40.0913595458,43.5433565539,43.5666398766,39.0385650442
LTC,2019-12-17,36.7887657204,40.0925806897,40.1068112225,36.4546457561
LTC,2019-12-18,41.4450075092,36.7893293636,41.5225534754,35.9007139117
LTC,2019-12-19,39.5415117072,40.8339997714,41.0624292159,39.1085882572
LTC,2019-12-20,40.1036154591,39.5361151037,40.2675132921,39.2741827489
LTC,2019-12-21,40.2853779865,40.104053636,40.5541600132,39.6223888596
LTC,2019-12-22,41.1253302116,40.2853567525,41.755892124,39.6823582219
LTC,2019-12-23,40.0582417856,41.1252862248,41.870162798,39.7035416349
LTC,2019-12-24,40.4985685183,40.0585490936,40.7453464158,39.0572578791
LTC,2019-12-25,40.3005373626,40.4980444801,40.5479912385,39.3990391839
LTC,2019-12-26,39.9874704871,40.2999422664,41.6567130969,39.5511276694
LTC,2019-12-27,40.8224193501,39.9873404403,41.2923448607,39.5485253672
LTC,2019-12-28,43.103837837,40.8225698036,43.6449843266,40.7839593936
LTC,2019-12-29,43.1101216265,43.1037413023,43.6873734833,42.0848383375
LTC,2019-12-30,42.3884016528,43.053397639,44.0398022743,41.7494085421
LTC,2019-12-31,41.2135751098,42.3886883502,42.8829663267,40.9010414843
LTC,2020-01-01,41.3854447327,41.2135247348,41.9880705697,41.0529519265
LTC,2020-01-02,39.416136052,41.3844004142,41.5935405938,39.1264816538
LTC,2020-01-03,41.7107348752,39.418568366,42.296355103,38.7307213925
LTC,2020-01-04,42.5919713235,41.7102558434,42.8027245789,41.7016285454
LTC,2020-01-05,43.2595222038,42.5868265877,44.545911045,42.352389375
LTC,2020-01-06,45.66345252,43.2584166244,45.7809421255,43.1532030685
LTC,2020-01-07,46.1654350959,45.663836237,46.7878458068,44.5108695488
LTC,2020-01-08,45.4574573054,46.1667195738,48.5392666973,44.1137500584
LTC,2020-01-09,44.5191597178,45.3194648258,45.7353034181,43.904988021
LTC,2020-01-10,48.5887641666,44.5200013702,49.6397563917,43.7502783874
LTC,2020-01-11,50.1435685191,49.046598645,51.8653635057,47.8434568176
LTC,2020-01-12,50.9612892245,50.1434182158,51.6534818048,48.8181047647
LTC,2020-01-13,49.617935363,50.9666364012,51.5635846247,48.8915736276
LTC,2020-01-14,58.1440668781,49.6765419452,60.6969178378,49.663065242
LTC,2020-01-15,58.9737477947,58.161852099,60.1686846064,55.2828235613
LTC,2020-01-16,57.6743761979,58.9729361702,59.1844737899,54.7033390243
LTC,2020-01-17,61.9962403605,57.6742962112,63.1303190144,56.7328348715
LTC,2020-01-18,60.0299024046,61.9989489425,62.3423446143,57.9329125864
LTC,2020-01-19,57.2688770088,60.0298796361,62.4285794414,55.3760218576
LTC,2020-01-20,57.2072406007,57.2601072636,58.133653287,55.8076048449
LTC,2020-01-21,57.4114008536,57.2111039106,57.9761455207,55.8766573656
LTC,2020-01-22,57.8076277424,57.4111916774,59.1406792302,57.1353108727
LTC,2020-01-23,54.0910129377,57.8075124907,58.1887602251,52.2990148198
LTC,2020-01-24,54.5840050128,54.3728391198,55.2785617802,50.6245323377
LTC,2020-01-25,53.5550523709,54.5832816129,54.752429632,52.2055048847
LTC,2020-01-26,55.7586574292,53.5564816109,56.5103325328,52.803633547
LTC,2020-01-27,58.5287489911,55.7586376925,59.4759296362,55.7585960999
LTC,2020-01-28,59.3921746886,58.5164461403,61.4006333723,57.26720121
LTC,2020-01-29,60.0726005253,59.3921633767,62.3748398973,59.2222761089
LTC,2020-01-30,68.9488986893,59.7083198065,70.08596876,58.1667205343
LTC,2020-01-31,68.4030324331,68.9797196163,69.8223413659,65.3593360257
LTC,2020-02-01,70.5020977256,68.385620458,72.8279614699,67.4447785511
LTC,2020-02-02,70.8369437278,70.7607545588,73.3772100401,67.6806729924
LTC,2020-02-03,69.5287330649,70.8368672324,72.8826576398,68.3977556333
LTC,2020-02-04,67.7480300194,69.6363169804,70.3577049765,66.5852677227
LTC,2020-02-05,72.5477847171,67.7462724571,73.3791130765,67.5006736168
LTC,2020-02-06,72.8779886976,72.5360480956,74.9874619551,70.944333071
LTC,2020-02-07,73.9990819417,72.8771678692,75.3141300752,72.5813285499
LTC,2020-02-08,77.2549540374,73.9989664222,77.751332102,71.5585014109
LTC,2020-02-09,76.9920677031,76.6730732128,78.4584675283,75.1530033889
LTC,2020-02-10,73.7817456172,76.992056879,77.473221319,72.355215457
LTC,2020-02-11,76.9402913072,74.0367079645,77.572600811,72.6000600443
LTC,2020-02-12,81.6898093912,76.9403812475,82.9912550926,76.6168395047
LTC,2020-02-13,79.8295808845,81.6840472683,84.4264048963,77.3457093435
LTC,2020-02-14,83.6444990423,80.6060743591,83.7071401887,78.5947393457
LTC,2020-02-15,77.0347271439,83.6442482246,83.9346203319,75.1037920002
LTC,2020-02-16,73.6789282447,77.034682697,80.7293989612,67.8723998056
LTC,2020-02-17,72.0495678568,74.8383663105,75.4508953132,68.7199690587
LTC,2020-02-18,77.2712700143,72.0639682471,79.1348340096,70.3000436459
LTC,2020-02-19,72.5201873648,77.2750221126,79.5323165571,67.8219174608
LTC,2020-02-20,69.8651618142,70.692655223,72.3809425745,66.315441543
LTC,2020-02-21,72.7829559658,69.8642158088,75.3726784413,68.7280620505
LTC,2020-02-22,75.5032443447,73.4064854751,76.7273466141,72.4862771356
LTC,2020-02-23,79.3385013616,75.4695342602,80.1957564812,74.5977151638
LTC,2020-02-24,75.1175154679,79.3270281035,80.0519385182,71.7823890625
LTC,2020-02-25,72.0203760158,75.1170583833,76.0667584718,69.5928479252
LTC,2020-02-26,61.0268769367,72.0200914467,72.0686647146,57.4608140855
LTC,2020-02-27,62.2802877446,61.0165168601,65.1464210027,57.2379915907
LTC,2020-02-28,61.0410096898,61.7165165786,63.3938641885,56.9132327129
LTC,2020-02-29,59.0237828568,61.039842619,61.6985329935,58.1971114107
LTC,2020-03-01,57.9847838555,59.0240507796,60.2666212873,56.1854007578
LTC,2020-03-02,61.1268741904,57.9832845768,62.3533866113,57.244648609
LTC,2020-03-03,61.1600748215,61.4762643422,62.4547437552,59.4972896116
LTC,2020-03-04,60.3446842108,61.1593272007,61.7792582631,58.8937956542
LTC,2020-03-05,61.8018724224,60.3393564644,63.3243192025,60.0576219114
LTC,2020-03-06,62.8256257334,62.1166762958,63.9300755052,61.3209091932
LTC,2020-03-07,60.9076843859,62.8248122645,64.0125474041,60.1399825811
LTC,2020-03-08,52.0751007678,60.9018259339,60.9323903228,51.1722094557
LTC,2020-03-09,49.8079622716,52.0758423929,53.3388036556,46.6387885269
LTC,2020-03-10,50.5973790887,50.473961885,51.4284746429,48.9767100478
LTC,2020-03-11,48.6865166971,50.599088442,50.7218443778,45.5108800506
LTC,2020-03-12,33.3934334033,48.6984205341,48.8791358552,30.4381805426
LTC,2020-03-13,37.4595293546,33.3920056199,40.4738170695,24.794460576
LTC,2020-03-14,35.1188407764,37.4615348119,38.740638075,34.5625169892
LTC,2020-03-15,36.2219067025,35.1114401136,38.8660896221,33.8931373423
LTC,2020-03-16,32.0531945034,36.2088101145,36.7497611487,29.4090212779
LTC,2020-03-17,35.0147359485,32.0529280534,36.0631536831,31.9174856732
LTC,2020-03-18,34.3435455918,35.0101821122,35.0637989207,32.511942452
LTC,2020-03-19,40.327951278,34.3303653637,40.8898966846,34.1519126069
LTC,2020-03-20,37.7843555798,40.318916066,43.8705910149,34.1527045921
LTC,2020-03-21,38.4741258892,37.7838055967,39.9328693538,36.4176428775
LTC,2020-03-22,35.7839770381,38.4739831079,39.7906028486,35.2560524052
LTC,2020-03-23,38.834544414,35.438573651,40.0747583347,34.6400111329
LTC,2020-03-24,40.7080023226,38.8418495497,40.8554845673,38.4101286159
LTC,2020-03-25,39.2240219986,40.7006383995,41.1338448645,38.3128844974
LTC,2020-03-26,39.635554561,39.2870665543,40.018377972,38.5705290446
LTC,2020-03-27,40.0254986586,39.6297440424,41.3311205059,39.245823717
LTC,2020-03-28,38.8931889233,40.025560642,40.1154378145,36.734895927
LTC,2020-03-29,37.4117341465,38.8954648616,39.1903619279,37.0619537323
LTC,2020-03-30,39.2880659668,37.1160018302,39.7496017031,37.1073163932
LTC,2020-03-31,39.2887004356,39.2763301043,39.375601994,38.4984041375
LTC,2020-04-01,38.9603822957,39.2992004359,39.3861336392,37.2125644763
LTC,2020-04-02,40.2204002882,38.9607107984,42.9414961756,38.8483615179
LTC,2020-04-03,40.6883905302,39.9243005802,41.3099058033,39.7213623205
LTC,2020-04-04,40.7355826143,40.6875153558,41.2062967553,40.0239321867
LTC,2020-04-05,40.4931426111,40.8039263516,41.0684633785,39.9497002565
LTC,2020-04-06,44.5021301337,40.4948950079,44.9939345931,40.3503513595
LTC,2020-04-07,44.8941161863,44.4952209434,47.6750112434,43.7726081328
LTC,2020-04-08,46.7772325966,44.8912786125,47.2030711903,44.317205114
LTC,2020-04-09,46.7802191725,46.7820699003,46.8756866711,44.8134814839
LTC,2020-04-10,42.2797772825,46.7801161283,46.8180557049,40.9977475811
LTC,2020-04-11,42.4655164674,42.3274258942,43.2098873832,41.5283536318
LTC,2020-04-12,42.7156591421,42.4654928086,43.732408733,41.943882327
LTC,2020-04-13,41.5244509245,42.7156609015,42.9037205999,39.6631116492
LTC,2020-04-14,41.2233768475,41.5330081846,41.9412269897,40.5998111109
LTC,2020-04-15,40.1966432538,41.2218339214,41.8069183128,40.1595396862
LTC,2020-04-16,42.9923479459,39.2959426799,43.7342336467,37.9990889039
LTC,2020-04-17,42.5008269819,42.9938849712,43.086233412,41.6985504919
LTC,2020-04-18,44.1409717555,42.5002317627,44.491405006,42.126512383
LTC,2020-04-19,42.8753058696,44.1423071038,44.331412489,41.657203297
LTC,2020-04-20,40.6759065143,42.8747934242,43.2958408767,39.6170129679
LTC,2020-04-21,40.9598435287,40.6759003555,41.3790506054,40.1494722682
LTC,2020-04-22,41.7675723646,40.9598428996,42.3896782536,40.3653179602
LTC,2020-04-23,43.5052097744,41.7675942758,43.8933665441,41.0000861428
LTC,2020-04-24,44.3057674461,42.9780098114,44.9713577402,42.8804349664
LTC,2020-04-25,44.3504290739,44.3055011463,45.6196732925,43.9227210307
LTC,2020-04-26,44.262148977,44.3442067301,45.4143794599,43.8621214604
LTC,2020-04-27,44.5696284201,44.262246429,45.2579465292,43.2863390798
LTC,2020-04-28,45.2966776919,44.5498742591,45.3424717139,43.5318307387
LTC,2020-04-29,48.6181548583,45.3069937607,50.044154481,45.2259523981
LTC,2020-04-30,46.9746496063,48.6060652785,50.8793288265,45.795807862
LTC,2020-05-01,47.1365728633,46.9774511653,48.3430402744,46.2106765138
LTC,2020-05-02,49.3709029036,47.1452753357,49.6775703172,46.8970171947
LTC,2020-05-03,47.9781959569,49.3599910051,50.1372316093,46.7907621983
LTC,2020-05-04,47.0222543076,47.9841577352,48.2141550092,45.2189690171
LTC,2020-05-05,46.6050552841,47.0224597036,47.7863842797,45.8095627158
LTC,2020-05-06,46.6549974254,46.5921043199,47.6302133261,46.1857539453
LTC,2020-05-07,47.5845531024,46.6542652747,48.2478367649,44.4967414475
LTC,2020-05-08,47.9944387736,47.5924394516,48.5845480587,46.4258750179
LTC,2020-05-09,47.2087130758,47.9944348959,49.2274249574,46.9827680629
LTC,2020-05-10,42.1149805198,47.2078346438,47.4747098159,39.740638264
LTC,2020-05-11,41.3966726737,42.1095484693,42.9326643808,39.4456174742
LTC,2020-05-12,42.2157636522,41.3917244814,42.8861577192,41.1918396319
LTC,2020-05-13,43.3110063084,42.2389369028,43.796768905,42.0134383899
LTC,2020-05-14,44.0827571966,43.3108580058,44.4094927027,42.2995921657
LTC,2020-05-15,43.0365161715,44.0209397217,44.1353450706,41.9420995716
LTC,2020-05-16,43.3745179701,43.0404447923,43.8520946527,42.5123347491
LTC,2020-05-17,43.7515806145,43.3735268773,44.4637942528,43.118200664
LTC,2020-05-18,45.2169126424,43.6795259573,46.639527594,43.6484825937
LTC,2020-05-19,45.4804936478,45.217800362,45.6688761542,44.120445948
LTC,2020-05-20,44.183017986,45.4796174856,46.1391380372,43.1985442525
LTC,2020-05-21,42.9413874715,44.1870064884,44.6012267508,41.6432886783
LTC,2020-05-22,44.3967786218,42.9364603822,44.6707539844,42.3678743153
LTC,2020-05-23,44.0871367766,44.3967786411,44.7286412657,43.7194462822
LTC,2020-05-24,43.1361679505,44.0865844862,44.5446709434,42.5220426859
LTC,2020-05-25,42.9145325894,43.1361266826,43.2875381681,41.7453441402
LTC,2020-05-26,42.3626318998,42.918810296,43.0729447625,41.8075530755
LTC,2020-05-27,43.5258050642,42.3626318996,44.0080839997,42.1896330702
LTC,2020-05-28,44.3548229759,43.5256087614,44.5822129978,41.8017458664
LTC,2020-05-29,44.5000464422,44.3551650896,45.271390699,44.1531202873
LTC,2020-05-30,47.7051237754,44.5163021689,48.0138671889,44.1918237556
LTC,2020-05-31,45.4912271708,47.7092834413,47.7802459476,45.1244552648
LTC,2020-06-01,48.7437635489,45.4906115409,48.8368667837,45.3554757628
LTC,2020-06-02,45.9586005371,48.7430521666,49.9548477822,44.6099356609
LTC,2020-06-03,47.1508071843,45.9586912352,47.4680115575,45.3083636211
LTC,2020-06-04,47.4583139385,47.1565031959,48.0930280352,46.3343693168
LTC,2020-06-05,47.0012526353,47.4590599269,47.9835416908,46.4616202156
LTC,2020-06-06,46.8183596558,47.0007359143,47.2187199292,46.1633677202
LTC,2020-06-07,46.5574641277,46.8183592645,46.9701666657,45.1699533131
LTC,2020-06-08,46.4502054073,46.5574700574,46.7719904738,45.9978794612
LTC,2020-06-09,46.0296313889,46.4366146335,46.8358734339,43.4132262494
LTC,2020-06-10,46.6408659393,46.0298767443,47.1301678056,45.6693117969
LTC,2020-06-11,43.1541870736,46.6408670787,46.9434244693,42.0914281509
LTC,2020-06-12,44.6523115529,43.1548899433,45.3584166235,42.8098444371
LTC,2020-06-13,45.0843430859,44.6484199117,45.2152070973,44.3078996802
LTC,2020-06-14,44.1493184187,45.0843431776,45.1285227529,43.5459040633
LTC,2020-06-15,43.825085066,44.148911591,44.1491044844,41.7535900603
LTC,2020-06-16,43.7957488906,43.825483728,44.1871042581,43.4071045228
LTC,2020-06-17,44.0205308798,43.7954601726,44.9988321296,43.0145866563
LTC,2020-06-18,43.5149331584,44.0203565343,44.1614346872,42.8601888862
LTC,2020-06-19,42.7917168758,43.5106067299,43.6676928822,42.6230947315
LTC,2020-06-20,43.5566331974,42.7897971289,43.8112369157,42.284184898
LTC,2020-06-21,42.9525307231,43.5591414468,43.7972223295,42.8709239012
LTC,2020-06-22,44.3323367298,42.9518719913,44.6396042463,42.9147519201
LTC,2020-06-23,44.0725569797,44.332663218,44.4904638003,43.9062889619
LTC,2020-06-24,42.68349847,44.0725569797,44.6435807512,42.1178559269
LTC,2020-06-25,42.3548905527,42.6833473079,42.9783912211,41.6728018777
LTC,2020-06-26,43.1705752529,42.3505574047,43.559573295,41.3408179703
LTC,2020-06-27,41.191817988,43.1703757859,43.1726059598,39.2260552503
LTC,2020-06-28,41.2579678591,41.1875374005,42.012302158,40.4835904149
LTC,2020-06-29,41.9104675677,41.2603094362,42.2422627041,40.5951916937
LTC,2020-06-30,41.2518351378,41.9104641887,42.0293979513,40.7506018541
LTC,2020-07-01,41.8108674712,41.1967331613,42.03343117,40.9993918472
LTC,2020-07-02,40.9577202239,41.8082511565,41.9134356692,40.3581753318
LTC,2020-07-03,41.260701664,41.0832507977,41.7135714496,40.9478523076
LTC,2020-07-04,42.022264586,41.1774535494,42.1959963118,41.1087255967
LTC,2020-07-05,41.4430884882,42.1284578787,42.2142211813,40.7864334485
LTC,2020-07-06,43.7158224385,41.6171760101,44.1176264464,41.5374682299
LTC,2020-07-07,43.2631428504,44.0645700728,44.4568149609,43.1168008855
LTC,2020-07-08,45.5615400324,43.4122183368,45.5831950738,43.1356627209
LTC,2020-07-09,44.3484153638,45.3731516463,45.8833790713,43.6296380285
LTC,2020-07-10,44.1784686862,44.3657142227,44.5942052177,43.5024331819
LTC,2020-07-11,44.4477309128,44.3369001306,44.7090292584,43.9214668007
LTC,2020-07-12,44.6489654566,44.7324320208,45.2814323061,43.7832275649
LTC,2020-07-13,43.8928340174,44.7378584073,45.5827409353,42.7280279139
LTC,2020-07-14,43.7304050793,43.9222079709,43.9313229387,42.9059853619
LTC,2020-07-15,43.3004228838,43.91097752,44.0394376402,42.9873811304
LTC,2020-07-16,42.0151368947,43.2992139356,43.4476297878,40.9547911964
LTC,2020-07-17,41.9094028733,42.0777452004,42.4450370148,41.6965440404
LTC,2020-07-18,42.4921190638,41.9127576316,42.9030547499,41.7680172495
LTC,2020-07-19,42.5489426109,42.5044097951,42.6501941174,41.9082303069
LTC,2020-07-20,41.9118644557,42.660456101,42.8344142297,41.445053491
LTC,2020-07-21,43.5965130347,41.9802188122,44.1370633082,41.9172498461
LTC,2020-07-22,44.6108418051,43.8233523121,44.6322295264,43.2926536916
LTC,2020-07-23,45.140551411,45.0350274386,45.6669403833,44.609749745
LTC,2020-07-24,44.3511074646,45.0035570273,45.0225848734,44.0024505843
LTC,2020-07-25,49.2877942492,44.2056981131,49.5064954055,44.1404064955
LTC,2020-07-26,48.2440075269,49.2108135317,50.4109456447,47.6762704
LTC,2020-07-27,55.3218383162,48.1311587095,55.8800892928,46.9596025209
LTC,2020-07-28,55.5350417328,53.3414393978,57.9742234374,51.7331207205
LTC,2020-07-29,55.9249167011,55.8601089068,56.9625231381,55.0326062651
LTC,2020-07-30,57.7249512979,55.2607960484,58.6412897801,54.0215446605
LTC,2020-07-31,58.3991578423,56.7967712544,59.3058248071,55.8804125682
LTC,2020-08-01,61.4674515667,58.227985548,62.3590788224,57.6577342914
LTC,2020-08-02,57.2990113531,61.7521586774,64.9683880405,52.4432581505
LTC,2020-08-03,58.5015239952,56.7690731036,60.0673471763,55.7998659223
LTC,2020-08-04,57.8267491532,58.5486824742,59.4484861234,56.5165012057
LTC,2020-08-05,58.4797178941,57.6351573103,59.8388688479,56.8102976294
LTC,2020-08-06,59.3206901421,58.9497775338,60.7245779079,57.7864115766
LTC,2020-08-07,57.6617010189,59.1248380787,61.1284579021,54.8288454865
LTC,2020-08-08,57.9912796462,57.2493471477,58.572889447,56.6612997282
LTC,2020-08-09,56.7642728705,58.4801246527,58.645792684,56.1334367747
LTC,2020-08-10,58.2775470793,57.0090619913,59.5154538841,56.6730805074
LTC,2020-08-11,53.8416562802,58.3418692256,59.7072060995,52.477222072
LTC,2020-08-12,54.3779814405,54.1484338138,55.0805494271,51.6364954781
LTC,2020-08-13,57.2321028112,54.5487184398,57.3104307227,51.997778034
LTC,2020-08-14,56.9573052455,57.1696060301,57.9454464575,55.9520240472
LTC,2020-08-15,60.2820707599,56.8660841413,60.9063301283,56.6411706025
LTC,2020-08-16,62.2281310581,59.9113635858,62.9499598846,58.1259259375
LTC,2020-08-17,68.0908556883,63.9165350013,68.9655656254,61.5194990077
LTC,2020-08-18,66.7590484143,67.2911046863,68.4404517677,63.5777790103
LTC,2020-08-19,61.5523615946,65.4907333297,67.1689355219,58.9277256373
LTC,2020-08-20,62.4296524639,62.1509852872,63.6895551587,61.0774862263
LTC,2020-08-21,59.9385429228,62.869954367,63.8944490333,59.2664752573
LTC,2020-08-22,60.2817029326,59.2117529063,60.541172587,57.8621958585
LTC,2020-08-23,60.6659410228,60.2799826692,61.6686164528,58.1211218278
LTC,2020-08-24,62.0530228978,60.6153511304,63.0673565631,60.0715571789
LTC,2020-08-25,58.5293851331,62.0841045687,62.3236641419,56.6776733031
LTC,2020-08-26,58.1888228248,58.4151065388,59.1561981184,57.0965690313
LTC,2020-08-27,55.6954456286,58.1301440745,59.2742721611,54.1033605764
LTC,2020-08-28,56.6793177883,56.151711181,58.2924338818,55.4046239312
LTC,2020-08-29,57.2925957697,57.446647841,58.2203728614,57.0809464421
LTC,2020-08-30,61.939855593,57.0363927126,62.5119184348,56.9977562258
LTC,2020-08-31,61.086974384,62.8986530772,63.6799302099,60.6361227398
LTC,2020-09-01,63.3622313076,60.9786708781,64.3450540193,59.8128801494
LTC,2020-09-02,58.4432228646,62.6994603054,63.1888184278,56.7462072113
LTC,2020-09-03,52.9810793746,58.1592081548,58.6735846669,52.0432282537
LTC,2020-09-04,51.1637644005,47.9169670825,52.4840578568,46.8858759771
LTC,2020-09-05,46.7397104542,50.4381446243,51.3706257656,45.6662877402
LTC,2020-09-06,47.6500945172,47.8327662472,49.2120686301,46.3984215518
LTC,2020-09-07,48.6888168587,47.9536900148,48.7349140624,45.3823947411
LTC,2020-09-08,46.8515097566,48.8556783502,49.3689764398,46.0849064146
LTC,2020-09-09,48.0790711119,47.5023934114,48.8490096744,46.5786817034
LTC,2020-09-10,48.6404495429,47.8636279718,49.4291430488,47.8285993485
LTC,2020-09-11,48.9855435829,48.7034286587,49.4281265226,47.4762351029
LTC,2020-09-12,50.887332266,49.0164352928,51.3191111913,48.4840996693
LTC,2020-09-13,48.0200297477,50.8488302557,51.038647856,47.437320468
LTC,2020-09-14,48.7035912907,48.1715728443,49.6941014239,47.4287616352
LTC,2020-09-15,48.6735171283,49.1205460217,50.2160175548,48.4277044074
LTC,2020-09-16,48.3196561374,48.3374804318,48.7844304708,47.0777551069
LTC,2020-09-17,49.0223588225,47.7937563122,49.5437054114,47.7110276907
LTC,2020-09-18,48.2811210855,48.8874977001,49.068276849,47.5460371568
LTC,2020-09-19,48.385640084,48.5487813863,49.0032492177,48.022969226
LTC,2020-09-20,46.5622292594,48.5315069873,48.5315069873,46.2277344143
LTC,2020-09-21,43.7066079926,47.1076034268,47.6497038475,41.723204441
LTC,2020-09-22,44.4602886538,43.1857243741,44.8036233157,42.8243693931
LTC,2020-09-23,43.0474130349,44.4900887235,45.0878646522,42.8486721042
LTC,2020-09-24,44.7788441405,42.9667953681,45.2224362716,42.6038811831
LTC,2020-09-25,46.3085260339,44.9250530777,46.5587022029,44.1379555028
LTC,2020-09-26,46.0346184635,46.0232585789,46.5526771735,45.1719255952
LTC,2020-09-27,45.9877830399,46.053213625,46.5531778033,44.6152744757
LTC,2020-09-28,46.1948623877,46.0594635344,47.1245419099,46.0415643871
LTC,2020-09-29,45.4467350692,45.2110048546,45.7813041673,44.9768881382
LTC,2020-09-30,46.0611056688,45.6995344381,46.7047390749,45.4830674382
LTC,2020-10-01,46.0801378078,46.2507137622,48.5211309144,45.3339136992
LTC,2020-10-02,44.8762704113,46.2685060792,46.9896091097,43.3069186448
LTC,2020-10-03,45.7482437138,44.9297748756,46.0146003334,44.7758387903
LTC,2020-10-04,46.605211287,45.5777401334,46.9895564771,45.3685625606
LTC,2020-10-05,46.1156667324,46.7106134133,47.0562758645,45.588285831
LTC,2020-10-06,45.8050998699,46.3491385926,48.2315883309,45.5596706925
LTC,2020-10-07,46.4604231249,45.9728425826,46.9194594415,45.0654427246
LTC,2020-10-08,47.1784880588,46.5725768083,47.482637748,45.5207603531
LTC,2020-10-09,47.9384190927,47.2452989603,48.2231287727,46.6546996572
LTC,2020-10-10,49.3428304846,47.8154684002,50.446059333,47.7989748981
LTC,2020-10-11,50.5004528774,48.8643764916,51.2383214891,48.7484934355
LTC,2020-10-12,51.3011705542,50.5002836177,51.5258605548,49.36843149
LTC,2020-10-13,50.0162489429,50.6017565237,50.7033313132,48.9478535085
LTC,2020-10-14,49.6570274257,49.9374878953,50.8941740527,49.3506092216
LTC,2020-10-15,49.4633027071,49.8583626048,50.2902226221,49.0455052826
LTC,2020-10-16,47.733649549,49.5650729669,49.8471321747,45.7039778652
LTC,2020-10-17,46.7831143176,47.6406160124,47.671618166,46.6566434474
LTC,2020-10-18,47.5337907861,46.9486540722,47.9008805662,46.8429353784
LTC,2020-10-19,48.1723707673,47.5889693254,48.4228697606,46.8497121012
LTC,2020-10-20,46.9725808376,48.0093858931,48.3426953671,46.4448814318
LTC,2020-10-21,54.3672698349,46.9188557704,54.5156552686,46.8968078625
LTC,2020-10-22,55.1364526052,53.0642513022,56.2606327059,53.0475190236
LTC,2020-10-23,55.3591013079,54.4125861326,57.0110926813,53.4233883471
LTC,2020-10-24,58.9770681738,55.4377770024,59.6641860668,54.8731265354
LTC,2020-10-25,58.4990944463,59.2531679462,60.001964231,56.614540742
LTC,2020-10-26,56.6686216848,58.8682294918,59.3087463439,55.0340804021
LTC,2020-10-27,57.8546976632,56.8846698217,59.0070924179,56.5483797785
LTC,2020-10-28,55.6141903657,57.9523960929,60.4804397881,54.7828729251
LTC,2020-10-29,54.6230298323,55.8258874799,56.5682718394,53.4766663751
LTC,2020-10-30,54.1558489607,54.9072204647,55.7528003988,52.305736115
LTC,2020-10-31,56.0441973938,54.0787513977,56.5223002589,53.7019201785
LTC,2020-11-01,55.6263550808,55.8159970314,56.2411760977,54.3669363317
LTC,2020-11-02,54.1248756996,55.6367048834,56.7915974556,53.1469348349
LTC,2020-11-03,53.7645849943,53.868221205,54.3843465499,51.2524808073
LTC,2020-11-04,55.1695814144,53.9315015381,55.2163392127,51.7187266309
LTC,2020-11-05,59.5287869238,54.7260859912,59.7763804729,54.7260859912
LTC,2020-11-06,61.6717686528,59.0119617779,63.1635078253,58.716092582
LTC,2020-11-07,59.0383958919,63.3040324816,64.6330943725,56.9344459651
LTC,2020-11-08,60.9553497544,58.8974129974,62.0352624141,58.5870750943
LTC,2020-11-09,58.8445434668,61.0258717589,61.7999255428,57.5523633744
LTC,2020-11-10,58.2504372543,59.2391944438,59.6073938973,57.2347544574
LTC,2020-11-11,59.6159660673,57.993222203,60.5541946975,57.8997832199
LTC,2020-11-12,59.314002485,59.322556533,60.5280887669,57.6987476311
LTC,2020-11-13,65.8756116243,60.748945351,66.6416016153,60.1994564881
LTC,2020-11-14,62.9915753619,65.9631281631,66.295454495,61.7192201291
LTC,2020-11-15,62.0018663193,63.877876644,64.432167452,61.1425174121
LTC,2020-11-16,71.8335128946,62.3433619092,72.6862651413,62.1550735158
LTC,2020-11-17,76.4128560163,73.8588447671,76.4193272805,71.4735935352
LTC,2020-11-18,74.3539549897,76.3707237123,77.1317834159,69.2208371366
LTC,2020-11-19,82.4068010073,73.4631300451,83.4178985126,71.8846414322
LTC,2020-11-20,82.0462285693,81.6306003511,85.4305511369,80.1343387863
LTC,2020-11-21,85.3801859607,82.5627328107,88.3772686292,80.2648138191
LTC,2020-11-22,85.5222263251,87.0360473431,87.8086843251,80.1699652116
LTC,2020-11-23,89.0261539237,82.8081418816,89.6055533552,80.8756688741
LTC,2020-11-24,88.243559047,89.0705630396,93.3372908537,85.5814893435
LTC,2020-11-25,82.0189899715,89.2527497114,90.6889637589,81.9387853701
LTC,2020-11-26,70.9392874147,81.773422143,83.0418854134,64.626947508
LTC,2020-11-27,68.5734269746,71.1040790331,73.6079986259,65.4142694813
LTC,2020-11-28,73.7265299592,69.2544927477,74.998958986,68.4209318986
LTC,2020-11-29,79.188167593,72.7857151346,81.114298086,71.6480662819
LTC,2020-11-30,86.9197491969,78.986558824,88.4484340719,76.7887819272
LTC,2020-12-01,87.4593911862,87.6179493247,93.0278439751,79.8331486326
LTC,2020-12-02,88.9344723441,85.2188308757,90.661296671,82.9033997966
LTC,2020-12-03,88.4957062162,88.9779324973,91.3407887861,85.5716492277
LTC,2020-12-04,80.9820677599,89.081596579,89.8872129233,80.6587371322
LTC,2020-12-05,82.0964875596,79.5971260518,84.3651035368,78.733285633
LTC,2020-12-06,82.0422322539,83.1971063455,85.1973170128,80.9589932604
LTC,2020-12-07,83.3393039402,83.6246135964,86.8810785194,82.1129280403
LTC,2020-12-08,77.4373315448,83.4208251694,84.8279906537,76.801420212
LTC,2020-12-09,77.4639829829,76.7308012385,78.1675035019,72.1538998797
LTC,2020-12-10,75.2952243682,77.4688292985,77.6737188539,73.1059804609
LTC,2020-12-11,73.2491623047,74.7235288651,75.0671534964,69.9824933271
LTC,2020-12-12,77.2654375966,72.2148675356,77.6240999523,72.0654417588
LTC,2020-12-13,81.5965384378,76.7131778745,84.2784496262,75.6172644338
LTC,2020-12-14,82.0627555638,82.2038168077,82.9290405119,79.1036984098
LTC,2020-12-15,81.661733226,82.3242244423,84.8804734092,80.4569303037
LTC,2020-12-16,92.1177176265,81.3443228079,92.8757015329,78.7952996386
LTC,2020-12-17,103.284299085,93.0199601055,109.750546904,90.6427410945
LTC,2020-12-18,107.6881661189,101.0930429528,112.7458109347,99.3150338652
LTC,2020-12-19,121.654449742,109.4320730925,124.2487699113,105.4513563331
LTC,2020-12-20,114.6801234963,119.8997903848,123.1367144994,109.8550824066
LTC,2020-12-21,107.2477886899,114.6138073007,118.4697659733,100.4587049756
LTC,2020-12-22,108.7575292524,104.4664467458,113.1912126138,98.3942761691
LTC,2020-12-23,103.3558167985,114.2409581438,117.0341959738,95.425544767
LTC,2020-12-24,108.711763069,102.4181389772,109.5678652995,99.1558241574
LTC,2020-12-25,123.8290071733,111.19698506,124.974657701,108.2878158945
LTC,2020-12-26,129.6019594735,127.7222319197,134.9278666103,124.9715741672
LTC,2020-12-27,127.1882639361,129.4217354786,139.2365017421,121.7808138313
LTC,2020-12-28,129.2579181372,127.560528336,137.0096886383,126.2147063787
LTC,2020-12-29,126.3061851628,129.6571459753,130.6168013809,120.0671119034
LTC,2020-12-30,128.2615636463,128.6340629552,132.7486555473,122.86966447
LTC,2020-12-31,124.0329712647,130.0726328291,130.3097090028,122.0817547542
LTC,2021-01-01,125.9308648466,124.3115729827,133.4000629006,123.1138699792
LTC,2021-01-02,136.8669235236,126.3666743529,141.0165830709,123.4609059902
LTC,2021-01-03,155.755916445,136.4876705584,158.3786113029,134.8231246133
LTC,2021-01-04,151.8488492942,160.1399918863,172.2868706489,139.6222534285
LTC,2021-01-05,162.4096820406,155.3133673175,162.4096820406,146.728803209
LTC,2021-01-06,167.7460166927,158.7763493197,169.9154023759,155.3563190578
LTC,2021-01-07,172.8270786898,169.140535742,181.0479644365,162.3980880026
LTC,2021-01-08,173.8433912154,169.3463685308,181.6933161082,151.2037750855
LTC,2021-01-09,175.5678322722,172.031712118,178.8599748204,163.4768193571
LTC,2021-01-10,171.1082578759,177.2610337318,185.4566117057,160.962886514
LTC,2021-01-11,134.7744662649,170.0135676256,170.4183044576,112.6570615952
LTC,2021-01-12,134.5519025046,139.0844734993,146.8423512964,128.1449954895
LTC,2021-01-13,143.9260570353,133.4902482618,146.4599687621,126.2940212505
LTC,2021-01-14,147.8348259378,147.4119687727,156.6852548585,143.6743570743
LTC,2021-01-15,142.3783133482,152.3631049472,155.362082709,130.6300962443
LTC,2021-01-16,144.0718484425,143.7501804654,152.5834839326,139.4284758964
LTC,2021-01-17,144.3492372402,143.6060156477,146.9877584827,136.3752416732
LTC,2021-01-18,148.9961340369,142.8726162938,154.8154576507,138.6125015209
LTC,2021-01-19,158.0751327452,151.9872202584,166.2619568491,150.3122590284
LTC,2021-01-20,148.0994082402,151.8500920862,156.1614726692,138.6002390058
LTC,2021-01-21,128.249402853,149.7505642609,150.2629653077,125.6705076833
LTC,2021-01-22,139.2522248581,129.7782352335,141.9769391177,122.7498862648
LTC,2021-01-23,137.3207917062,137.8898828184,143.7201431879,135.2069806847
LTC,2021-01-24,139.3606552644,137.7482442294,142.7119728416,134.0506029434
LTC,2021-01-25,138.1507948776,141.2195095666,147.4612474236,136.792774227
LTC,2021-01-26,133.7348590394,137.1262329779,139.8189522844,129.9190390488
LTC,2021-01-27,124.2910124412,134.7848055103,135.0048828615,118.3655404285
LTC,2021-01-28,133.997600688,122.7014179046,134.580348105,121.0143669774
LTC,2021-01-29,138.2942543269,133.4731496612,145.7559252167,131.7201741128
LTC,2021-01-30,133.8928251957,134.7821732068,136.2789371043,128.1121693874
LTC,2021-01-31,128.8202611767,133.4902766957,135.117740611,126.0179398293
LTC,2021-02-01,132.4747675639,129.5840003952,136.4357320973,126.1341946281
LTC,2021-02-02,143.9269690824,132.0567990047,145.9936153285,131.9571293174
LTC,2021-02-03,154.6889112996,142.1882904658,156.1098985643,142.1498804777
LTC,2021-02-04,146.9977943305,156.0817939374,158.7904051264,141.4496228828
LTC,2021-02-05,153.6731060437,145.1867681109,157.0557206934,143.6824453106
LTC,2021-02-06,158.940760674,155.0927189903,164.1796798724,151.4554298461
LTC,2021-02-07,150.0998833155,155.7363254121,157.406557553,145.3867947145
LTC,2021-02-08,165.8425169766,150.9705009427,168.1455453286,147.9364604966
LTC,2021-02-09,175.8565123356,167.5723736527,177.9335823139,164.5244617339
LTC,2021-02-10,181.2836195589,181.8078538953,195.2807870301,170.6671259064
LTC,2021-02-11,186.2353278782,181.8291153788,193.3633549201,175.9236917214
LTC,2021-02-12,198.0693915011,183.7750001124,198.1606168138,176.9532018747
LTC,2021-02-13,225.3745076841,197.0477981823,227.6426273834,192.0515662863
LTC,2021-02-14,219.3942622208,226.3166847691,230.8079467463,208.9212282917
LTC,2021-02-15,211.0173900257,213.8160001472,220.0155692371,186.7014452393
LTC,2021-02-16,208.4603743637,207.9456695007,221.9345062176,200.5616421381
LTC,2021-02-17,233.0111954984,210.3334704258,236.9020374056,204.1023945084
LTC,2021-02-18,227.5328688787,237.5357693685,239.1573782858,221.2345715614
LTC,2021-02-19,239.1891587263,226.7284027023,241.7097099132,220.2955929586
LTC,2021-02-20,219.9948816082,236.5182474015,246.7910590058,215.4062928534
LTC,2021-02-21,225.358492689,227.033796449,233.7349508898,220.2728817739
LTC,2021-02-22,206.6405504867,227.3352173948,227.4716681611,180.3257397183
LTC,2021-02-23,173.5110373373,208.223516206,208.7311538933,158.6515543044
LTC,2021-02-24,177.0361874898,177.5267935241,189.4984979527,169.139168517
LTC,2021-02-25,187.6235247993,181.6825895833,205.2628739963,175.5690017507
LTC,2021-02-26,169.0006758211,179.535848509,182.8191338215,162.8664729345
LTC,2021-02-27,173.0059706608,170.3309509281,179.859273898,169.5840057322
LTC,2021-02-28,164.2744002988,172.1224539622,173.2191877944,153.3318658095
LTC,2021-03-01,175.4997864615,165.5301283006,176.402883243,164.0546839638
LTC,2021-03-02,174.5045165895,176.0156917256,185.3584992054,170.9764859679
LTC,2021-03-03,189.5274743184,179.2446431631,196.5730143052,177.1884275137
LTC,2021-03-04,180.0895495321,187.9248517674,194.4451563551,177.2684382495
LTC,2021-03-05,182.8956075112,180.7803424736,183.0541922415,168.8196657686
LTC,2021-03-06,182.4671904401,180.4536912309,184.685577955,174.8752725721
LTC,2021-03-07,188.1702835629,182.8542250926,189.6571454651,182.3610100128
LTC,2021-03-08,188.8336224344,190.701192353,195.2273252355,179.9454522719
LTC,2021-03-09,202.5966710074,191.8013116446,203.704101478,189.0507530807
LTC,2021-03-10,204.5075836438,203.9897925231,208.070833699,192.4021877759
LTC,2021-03-11,200.5638856285,200.4230510686,202.913903965,191.5061111634
LTC,2021-03-12,218.9643653773,201.4380632187,224.2098008694,198.6312847723
LTC,2021-03-13,224.2006043158,220.7946557522,229.3160345007,212.8755296656
LTC,2021-03-14,218.3695143707,225.3168425837,227.1361442316,214.6820925781
LTC,2021-03-15,201.2060477169,213.9101261203,222.3232034923,197.8928303506
LTC,2021-03-16,201.5905729061,200.8525241788,205.2861317686,191.5257241601
LTC,2021-03-17,204.0587840631,201.6651791453,206.9409404121,194.393496227
LTC,2021-03-18,200.8663924366,205.896144019,208.1099004952,199.3091477246
LTC,2021-03-19,201.0744261788,199.722743966,205.0906907566,196.0184568253
LTC,2021-03-20,202.3970564926,200.2928725077,206.2149754856,199.1596394228
LTC,2021-03-21,197.2603716852,200.2667487933,202.0083389551,192.6264014828
LTC,2021-03-22,186.3866020614,195.4535755431,198.8775855254,184.9156182825
LTC,2021-03-23,185.5958339848,185.8707178025,189.5677464331,181.2390875322
LTC,2021-03-24,178.8131584588,185.9476421042,196.9325143718,172.603030342
LTC,2021-03-25,173.4396441317,176.1771205296,178.2896186555,167.966942476
LTC,2021-03-26,182.2731261185,171.6456551962,183.8488459176,171.5866743901
LTC,2021-03-27,184.9175129081,183.5982831143,186.1414005579,177.9102720338
LTC,2021-03-28,182.7040689916,184.1283810215,187.2924782294,180.1376444562
LTC,2021-03-29,194.6064829566,184.2422795721,197.3800291367,182.4771802811
LTC,2021-03-30,195.154036096,193.6763110318,200.0729694826,190.3285370077
LTC,2021-03-31,195.2336416796,195.9752878475,199.0455956747,187.3411445708
LTC,2021-04-01,202.4054078032,196.7473705443,204.8355736814,194.1950044139
LTC,2021-04-02,206.4487536393,202.5891311487,210.4529901918,201.3327668625
LTC,2021-04-03,198.9417594944,211.4953424777,217.643062305,195.8913608851
LTC,2021-04-04,201.9035520415,195.4616432444,204.8079047551,192.6802480079
LTC,2021-04-05,222.7017531726,202.3395531311,225.1245874074,198.3314516573
LTC,2021-04-06,239.2651953123,221.4492965689,244.428120256,213.1536004119
LTC,2021-04-07,223.9454368926,237.1080618905,242.8669646835,211.1365887168
LTC,2021-04-08,226.4776595907,219.1860464648,227.6770449434,217.2501890285
LTC,2021-04-09,223.0928834063,226.2781422624,228.8814804944,221.8515089175
LTC,2021-04-10,245.251478862,221.1197989083,249.6429444465,219.3154467392
LTC,2021-04-11,248.9245400528,256.2987359133,262.4996670941,244.8365171896
LTC,2021-04-12,246.2182140114,252.4204662195,258.8489389522,240.247370898
LTC,2021-04-13,262.3998830895,244.4154642985,273.3104194005,244.3597696373
LTC,2021-04-14,279.4758730747,267.5032461353,282.8950203448,255.9444151316
LTC,2021-04-15,288.1517528926,278.882761251,288.9186462035,266.3753891543
LTC,2021-04-16,311.5525299651,285.9575262542,317.2247631829,268.633995058
LTC,2021-04-17,311.9901244684,308.9519215152,335.674649316,297.848512251
LTC,2021-04-18,276.8915276666,301.6379049173,305.4265459081,236.8724611546
LTC,2021-04-19,271.0214572025,274.0820114595,282.3990673182,250.8840042004
LTC,2021-04-20,266.011358205,261.6422700111,273.3438592229,234.9396659189
LTC,2021-04-21,258.1158926662,261.0945348582,276.9527493158,251.8856601454
LTC,2021-04-22,255.6694243544,257.8660366824,289.7319974069,239.9124245427
LTC,2021-04-23,235.3303904448,252.7827121183,257.027994022,208.0077217117
LTC,2021-04-24,229.2165851606,241.7883692405,241.8439006718,221.4813748288
LTC,2021-04-25,219.5235101694,225.4067112871,236.2144736362,211.8101667745
LTC,2021-04-26,242.5863586142,224.1899899042,248.4246900415,221.760076753
LTC,2021-04-27,259.2107798086,247.6565221263,263.4729790325,244.1142158212
LTC,2021-04-28,257.7763270258,260.1077760823,266.6848109094,248.5553453811
LTC,2021-04-29,254.3849819028,258.7957973986,262.8941714362,248.8044300846
LTC,2021-04-30,269.800891908,255.5474998489,271.0255776486,252.9104354713
LTC,2021-05-01,272.8336635632,271.342803263,274.6782019886,266.030392602
LTC,2021-05-02,267.7607302694,276.8257365633,277.416171893,265.1817969009
LTC,2021-05-03,293.921341869,269.1399311309,299.7295111929,268.7827214187
LTC,2021-05-04,304.1684699473,294.9824845796,327.6863883226,275.6011341342
LTC,2021-05-05,352.9512389442,305.5406347706,359.9026130816,301.4405839811
LTC,2021-05-06,343.8440604031,356.1465178288,364.7646629184,323.2452368462
LTC,2021-05-07,334.7331683256,354.6376169814,372.8285132264,334.4890116563
LTC,2021-05-08,350.0846042199,345.5930160066,357.2234955735,335.1827691887
LTC,2021-05-09,382.9941668551,347.7454821832,386.5469599044,334.9877405337
LTC,2021-05-10,367.1044351921,388.2159760117,412.6542323315,336.1721097584
LTC,2021-05-11,371.6897854468,359.489930718,374.98285232,345.5959404462
LTC,2021-05-12,337.1571595178,378.2299325477,392.852291487,333.1624895322
LTC,2021-05-13,312.4601827458,309.8340296566,333.1944677276,291.8557981087
LTC,2021-05-14,327.4277230071,318.1192815076,339.4921633307,308.7000523687
LTC,2021-05-15,305.4737878299,326.832648396,332.1502150112,296.9743465224
LTC,2021-05-16,290.5481301025,300.4625113026,323.8958942528,279.5481846034
